No.,Company Name,Ticker
1,7-ELEVEN MALAYSIA HOLDINGS BERHAD,5250.KL
2,A-RANK BERHAD [S],7214.KL
3,ABLEGROUP BERHAD [S],7086.KL
4,ABM FUJIYA BERHAD [S],5198.KL
5,ACME HOLDINGS BERHAD [S],7131.KL
6,ACOUSTECH BERHAD [S],7120.KL
7,ADVANCE SYNERGY BERHAD,1481.kl
8,ADVANCECON HOLDINGS BERHAD [S],No result
9,ADVANCED PACKAGING TECHNOLOGY (M) BHD [S],9148.KL
10,ADVENTA BERHAD [S],7191.KL
11,AE MULTI HOLDINGS BERHAD [S],No result
12,AEON CO. (M) BHD [S],6599.KL
13,AEON CREDIT SERVICE (M) BERHAD,5139.KL
14,AFFIN BANK BERHAD,5185.KL
15,PRINSIPTEK CORPORATION BERHAD [S],7145.kl
16,AHB HOLDINGS BERHAD [S],7315.KL
17,AHMAD ZAKI RESOURCES BERHAD [S],AZRB.KL
18,AIRASIA GROUP BERHAD [S],5099.KL
19,AirAsia X Berhad [S],5099.KL
20,AJINOMOTO (MALAYSIA) BERHAD [S],2658.KL
21,AJIYA BERHAD [S],7609.KL
22,AL-AQAR HEALTHCARE REIT [S],5116.KL
23,AL-SALAM REAL ESTATE INVESTMENT TRUST [S],5269.KL
24,ALAM MARITIM RESOURCES BERHAD [S],5115.KL
25,ALCOM GROUP BERHAD,2674.KL
26,ALLIANCE BANK MALAYSIA BERHAD,2488.KL
27,ALLIANZ MALAYSIA BERHAD,1163.KL
28,AMALGAMATED INDUSTRIAL STEEL BERHAD [S],No result
29,AMANAH HARTA TANAH PNB,No result
30,AMANAHRAYA REAL ESTATE INVESTMENT TRUST,5127.KL
31,AMCORP PROPERTIES BERHAD,No result
32,AME ELITE CONSORTIUM BERHAD [S],No result
33,AMFIRST REAL ESTATE INVESTMENT TRUST,5120.KL
34,AMMB HOLDINGS BERHAD,1015.KL
35,AMTEL HOLDINGS BERHAD,7031.KL
36,AMWAY (MALAYSIA) HOLDINGS BERHAD [S],6351.KL
37,ANALABS RESOURCES BERHAD [S],No result
38,ANCOM BERHAD [S],4758.KL
39,ANN JOO RESOURCES BERHAD [S],6556.KL
40,ANZO HOLDINGS BERHAD [S],9342.KL
41,APB RESOURCES BERHAD [S],5568.KL
42,APEX EQUITY HOLDINGS BERHAD,5088.kl
43,APEX HEALTHCARE BERHAD [S],7090.KL
44,APFT BERHAD [S],No result
45,APM AUTOMOTIVE HOLDINGS BERHAD [S],5015.KL
46,APOLLO FOOD HOLDINGS BERHAD [S],6432.KL
47,ARB BERHAD [S],7181.KL
48,ARK RESOURCES HOLDINGS BERHAD [S],7007.KL
49,ASIA BRANDS BERHAD [S],No result
50,ASIA FILE CORPORATION BHD [S],5099.KL
51,ASIA MEDIA GROUP BERHAD,No result
52,ASIAN PAC HOLDINGS BERHAD [S],4057.KL
53,ASTINO BERHAD [S],7162.KL
54,ASTRAL ASIA BERHAD [S],7054.KL
55,ASTRO MALAYSIA HOLDINGS BERHAD,6399.KL
56,ATA IMS BERHAD [S],No result
57,ATLAN HOLDINGS BHD,7048.KL
58,ATRIUM REAL ESTATE INVESTMENT TRUST,No result
59,ATTA GLOBAL GROUP BERHAD [S],7099.KL
60,AVILLION BERHAD [S],8885.kl
61,AWC BERHAD [S],7579.KL
62,AXIATA GROUP BERHAD [S],6888.KL
63,AXIS REAL ESTATE INVESTMENT TRUST [S],5106.KL
64,AYER HOLDINGS BERHAD [S],2305.kl
65,AYS VENTURES BERHAD,5021.kl
66,B.I.G. INDUSTRIES BERHAD [S],7005.KL
67,BARAKAH OFFSHORE PETROLEUM BERHAD [S],7251.KL
68,BATU KAWAN BERHAD [S],No result
69,BCB BERHAD,6602.KL
70,BENALEC HOLDINGS BERHAD,No result
71,BERJAYA ASSETS BERHAD,No result
72,BERJAYA CORPORATION BERHAD,3395.KL
73,BERJAYA FOOD BERHAD,5196.KL
74,BERJAYA LAND BERHAD,No result
75,BERJAYA MEDIA BERHAD,No result
76,BERJAYA SPORTS TOTO BERHAD,1562.KL
77,BERMAZ AUTO BERHAD [S],5248.KL
78,BERTAM ALLIANCE BERHAD,9814.KL
79,BIMB HOLDINGS BERHAD [S],BIMB.KL
80,BINA DARULAMAN BERHAD [S],6173.KL
81,BINA PURI HOLDINGS BHD [S],5932.KL
82,BINTAI KINDEN CORPORATION BERHAD [S],No result
83,BINTULU PORT HOLDINGS BERHAD [S],5032.kl
84,BLD PLANTATION BHD. [S],5069.KL
85,BOILERMECH HOLDINGS BERHAD [S],4006.KL
86,BONIA CORPORATION BERHAD [S],9288.KL
87,BORNEO OIL BERHAD [S],7036.KL
88,BOUSTEAD HEAVY INDUSTRIES CORPORATION BHD [S],8133.kl
89,BOUSTEAD HOLDINGS BERHAD [S],2771.KL
90,BOUSTEAD PLANTATIONS BERHAD [S],5254.KL
91,BOX-PAK (MALAYSIA) BERHAD,6297.KL
92,BP PLASTICS HOLDING BHD [S],5100.KL
93,BRAHIM'S HOLDINGS BERHAD [S],9474.KL
94,BREM HOLDING BERHAD,8761.KL
95,BRIGHT PACKAGING INDUSTRY BERHAD,9938.KL
96,BRITISH AMERICAN TOBACCO (MALAYSIA) BERHAD,No result
97,BSL CORPORATION BERHAD [S],7221.KL
98,BTM RESOURCES BERHAD [S],7188.KL
99,BUMI ARMADA BERHAD,5210.KL
100,BURSA MALAYSIA BERHAD [S],%5EKLSE
101,C.I. HOLDINGS BERHAD,2828.KL
102,CAB CAKARAN CORPORATION BERHAD [S],7174.KL
103,CAELY HOLDINGS BHD [S],7154.KL
104,CAHYA MATA SARAWAK BERHAD [S],2852.KL
105,CAM RESOURCES BERHAD [S],7128.kl
106,CAN-ONE BERHAD [S],5105.KL
107,CAPITALAND MALAYSIA MALL TRUST,5180.KL
108,CARIMIN PETROLEUM BERHAD [S],5257.KL
109,CARLSBERG BREWERY MALAYSIA BERHAD,2836.KL
110,CB INDUSTRIAL PRODUCT HOLDING BERHAD [S],CBIP.KL
111,CCK CONSOLIDATED HOLDINGS BERHAD [S],7035.KL
112,CENSOF HOLDINGS BERHAD [S],5195.KL
113,CENTRAL GLOBAL BERHAD [S],6012.KL
114,CEPATWAWASAN GROUP BERHAD [S],8982.KL
115,CHEETAH HOLDINGS BERHAD [S],7209.KL
116,CHEMICAL COMPANY OF MALAYSIA BERHAD [S],2879.KL
117,CHIN HIN GROUP BERHAD [S],5273.KL
118,CHIN HIN GROUP PROPERTY BERHAD [S],5273.KL
119,CHIN TECK PLANTATIONS BERHAD,1929.KL
120,CHIN WELL HOLDINGS BERHAD [S],5007.KL
121,CHINA AUTOMOBILE PARTS HOLDINGS LIMITED,5229.KL
122,CHINA OUHUA WINERY HOLDINGS LIMITED,5188.KL
123,CHOO BEE METAL INDUSTRIES BHD [S],5797.KL
124,CHUAN HUAT RESOURCES BHD [S],7016.KL
125,CIMB GROUP HOLDINGS BERHAD,1023.KL
126,CJ CENTURY LOGISTICS HOLDINGS BERHAD [S],7117.KL
127,CLASSIC SCENIC BERHAD [S],7202.KL
128,CME GROUP BERHAD [S],7018.kl
129,CN ASIA CORPORATION BHD,7986.KL
130,CNI HOLDINGS BERHAD [S],5104.KL
131,COASTAL CONTRACTS BHD,No result
132,COCOALAND HOLDINGS BERHAD [S],7205.KL
133,COMFORT GLOVES BERHAD [S],2127.KL
134,COMINTEL CORPORATION BHD,7195.KL
135,COMPLETE LOGISTIC SERVICES BERHAD [S],5136.KL
136,COMPUGATES HOLDINGS BERHAD [S],5037.KL
137,COMPUTER FORMS (MALAYSIA) BERHAD [S],No result
138,CONCRETE ENGINEERING PRODUCTS BERHAD [S],SCIB.KL
139,COUNTRY HEIGHTS HOLDINGS BHD [S],CHHB.KL
140,COUNTRY VIEW BERHAD [S],5049.KL
141,CRESCENDO CORPORATION BERHAD [S],6718.KL
142,CREST BUILDER HOLDINGS BERHAD [S],5168.KL
143,CSC STEEL HOLDINGS BERHAD [S],5094.KL
144,CUSCAPI BERHAD,0051.KL
145,CWG HOLDINGS BERHAD [S],9423.KL
146,CYCLE & CARRIAGE BINTANG BERHAD,2925.KL
147,CYL CORPORATION BERHAD [S],7157.KL
148,CYMAO HOLDINGS BERHAD [S],5082.kl
149,CYPARK RESOURCES BERHAD [S],5184.KL
150,D&O GREEN TECHNOLOGIES BERHAD [S],7204.KL
151,D.B.E. GURNEY RESOURCES BERHAD [S],No result
152,DAGANG NEXCHANGE BERHAD [S],4456.KL
153,DAIBOCHI BERHAD [S],8125.kl
154,DAMANSARA REALTY BHD [S],3484.KL
155,DANCOMECH HOLDINGS BERHAD [S],5276.kl
156,DATAPREP HOLDINGS BHD [S],8338.KL
157,DATASONIC GROUP BERHAD [S],5216.KL
158,DAYA MATERIALS BERHAD,0091.KL
159,DAYANG ENTERPRISE HOLDINGS BERHAD [S],5141.KL
160,DEGEM BERHAD [S],7119.kl
161,DELEUM BERHAD [S],5132.KL
162,DESTINI BERHAD [S],7212.KL
163,DIALOG GROUP BERHAD [S],7277.KL
164,DIGI.COM BERHAD [S],6947.KL
165,DIGISTAR CORPORATION BERHAD,0029.KL
166,DKLS INDUSTRIES BHD [S],DKLS.KL
167,DKSH HOLDINGS (MALAYSIA) BERHAD [S],5908.KL
168,D'NONCE TECHNOLOGY BHD [S],7114.KL
169,DOLOMITE CORPORATION BERHAD,No result
170,DOLPHIN INTERNATIONAL BERHAD [S],5265.kl
171,DOMINANT ENTERPRISE BERHAD [S],No result
172,DPS RESOURCES BERHAD [S],7198.kl
173,DRB-HICOM BERHAD [S],1619.KL
174,DUFU TECHNOLOGY CORP. BERHAD [S],7233.KL
175,DUOPHARMA BIOTECH BERHAD [S],7148.KL
176,DUTALAND BERHAD,3948.KL
177,DUTCH LADY MILK INDUSTRIES BERHAD [S],3026.KL
178,DWL RESOURCES BERHAD [S],7165.KL
179,DYNACIATE GROUP BERHAD,5178.kl
180,E.A.TECHNIQUE (M) BERHAD [S],5259.KL
181,EASTERN & ORIENTAL BERHAD [S],3417.KL
182,EASTLAND EQUITY BHD [S],2097.KL
183,ECM LIBRA FINANCIAL GROUP BERHAD,No result
184,ECO WORLD DEVELOPMENT GROUP BERHAD [S],8206.KL
185,ECO WORLD INTERNATIONAL BERHAD,8206.KL
186,ECOBUILT HOLDINGS BERHAD [S],5141.KL
187,ECOFIRST CONSOLIDATED BHD [S],3557.kl
188,ECONPILE HOLDINGS BERHAD [S],5253.KL
189,EDARAN BERHAD [S],5036.KL
190,EDEN INC. BERHAD,7471.KL
191,EFFICIENT E-SOLUTIONS BERHAD,No result
192,EG INDUSTRIES BERHAD [S],8907.KL
193,EITA RESOURCES BERHAD [S],5208.kl
194,EKA NOODLES BERHAD [S],7182.KL
195,EKOVEST BERHAD [S],8877.KL
196,EKSONS CORPORATION BERHAD,9016.kl
197,ELK-DESA RESOURCES BERHAD,5228.KL
198,ELSOFT RESEARCH BERHAD [S],0090.KL
199,EMICO HOLDINGS BERHAD [S],9091.kl
200,ENCORP BERHAD,6076.KL
201,ENG KAH CORPORATION BERHAD [S],7149.KL
202,ENGTEX GROUP BERHAD [S],5056.KL
203,ENRA GROUP BERHAD [S],8613.KL
204,EONMETALL GROUP BERHAD [S],7217.KL
205,EP MANUFACTURING BHD [S],EPMB.KL
206,ESTHETICS INTERNATIONAL GROUP BERHAD [S],5081.KL
207,EUPE CORPORATION BERHAD [S],EUPE.KL
208,EURO HOLDINGS BERHAD [S],7208.KL
209,EUROSPAN HOLDINGS BERHAD [S],7094.KL
210,EVERGREEN FIBREBOARD BERHAD [S],5101.KL
211,EVERSENDAI CORPORATION BERHAD [S],5205.KL
212,EWEIN BERHAD [S],No result
213,EXCEL FORCE MSC BERHAD [S],0065.KL
214,FACB INDUSTRIES INCORPORATED BERHAD,No result
215,FAJARBARU BUILDER GROUP BHD [S],7047.KL
216,FAR EAST HOLDINGS BERHAD [S],5029.KL
217,FARLIM GROUP (MALAYSIA) BHD,No result
218,FAVELLE FAVCO BERHAD [S],7229.KL
219,FCW HOLDINGS BERHAD,2755.kl
220,FEDERAL INTERNATIONAL HOLDINGS BERHAD [S],2828.KL
221,FGV HOLDINGS BERHAD [S],5222.KL
222,FIAMMA HOLDINGS BERHAD [S],No result
223,FIBON BERHAD,0149.KL
224,FIMA CORPORATION BERHAD [S],3107.KL
225,FITTERS DIVERSIFIED BERHAD [S],9318.KL
226,FOCUS LUMBER BERHAD [S],5197.KL
227,FORMOSA PROSONIC INDUSTRIES BERHAD [S],9172.KL
228,FOUNDPAC GROUP BERHAD [S],5277.KL
229,FRASER & NEAVE HOLDINGS BHD [S],3689.KL
230,FREIGHT MANAGEMENT HOLDINGS BERHAD [S],7210.kl
231,FRONTKEN CORPORATION BERHAD [S],0128.KL
232,FSBM HOLDINGS BERHAD,No result
233,G3 GLOBAL BERHAD,7184.KL
234,GABUNGAN AQRS BERHAD [S],No result
235,GADANG HOLDINGS BHD [S],9261.KL
236,GAMUDA BERHAD [S],5398.KL
237,GAS MALAYSIA BERHAD [S],5209.KL
238,GD EXPRESS CARRIER BERHAD [S],0078.KL
239,GDB HOLDINGS BERHAD [S],0198.KL
240,GE-SHEN CORPORATION BERHAD [S],7197.KL
241,GENTING BERHAD,3182.KL
242,GENTING MALAYSIA BERHAD,4715.KL
243,GENTING PLANTATIONS BERHAD [S],2291.KL
244,GEORGE KENT (MALAYSIA) BERHAD [S],3204.KL
245,GETS GLOBAL BERHAD [S],No result
246,GHL SYSTEMS BERHAD [S],GHLSYS
247,GLOBAL ORIENTAL BERHAD [S],1147.KL
248,GLOBALTEC FORMATION BERHAD [S],5220.KL
249,GLOBETRONICS TECHNOLOGY BERHAD [S],GBTKF
250,GLOMAC BERHAD [S],5020.KL
251,GOLDEN LAND BERHAD,7382.kl
252,GOLDEN PHAROS BERHAD [S],5649.KL
253,GOODWAY INTEGRATED INDUSTRIES BERHAD [S],No result
254,GOPENG BERHAD [S],7237.KL
255,GPA HOLDINGS BERHAD,7096.KL
256,GRAND CENTRAL ENTERPRISES BHD,5592.KL
257,GRAND HOOVER BERHAD [S],No result
258,GRAND-FLO BERHAD [S],0056.KL
259,GREEN PACKET BERHAD,No result
260,GREENYIELD BERHAD [S],No result
261,GROMUTUAL BERHAD [S],MEDA.KL
262,GUAN CHONG BERHAD [S],5102.KL
263,GUH HOLDINGS BERHAD [S],3247.KL
264,GUNUNG CAPITAL BERHAD [S],7676.kl
265,GUOCOLAND (MALAYSIA) BERHAD,No result
266,HAI-O ENTERPRISE BERHAD,HAIO.KL
267,HANDAL ENERGY BERHAD [S],7253.KL
268,HAP SENG CONSOLIDATED BERHAD,3034.KL
269,HAP SENG PLANTATIONS HOLDINGS BERHAD [S],5138.KL
270,HARBOUR-LINK GROUP BERHAD [S],2062.KL
271,HARN LEN CORPORATION BHD [S],7501.KL
272,HARRISONS HOLDINGS (MALAYSIA) BERHAD,5008.KL
273,HARTALEGA HOLDINGS BERHAD [S],5168.KL
274,HB GLOBAL LIMITED,5187.KL
275,HCK CAPITAL GROUP BERHAD,7105.KL
276,HEINEKEN MALAYSIA BERHAD,3255.KL
277,HEITECH PADU BERHAD [S],5028.KL
278,HEKTAR REAL ESTATE INVESTMENT TRUST,5121.KL
279,HENGYUAN REFINING COMPANY BERHAD [S],4324.KL
280,HEVEABOARD BERHAD [S],5095.kl
281,HEXTAR GLOBAL BERHAD [S],5151.KL
282,HEXZA CORPORATION BERHAD,No result
283,HIAP TECK VENTURE BERHAD [S],5072.KL
284,HIBISCUS PETROLEUM BERHAD [S],5199.KL
285,HIL INDUSTRIES BERHAD [S],8443.KL
286,HO HUP CONSTRUCTION COMPANY BHD [S],5169.KL
287,HO WAH GENTING BERHAD [S],HWGG
288,HOCK HENG STONE INDUSTRIES BHD [S],5165.kl
289,HOCK SENG LEE BERHAD [S],6238.KL
290,HOMERITZ CORPORATION BERHAD [S],5160.KL
291,HONG LEONG BANK BERHAD,5819.KL
292,HONG LEONG CAPITAL BERHAD,5274.kl
293,HONG LEONG FINANCIAL GROUP BERHAD,No result
294,HONG LEONG INDUSTRIES BERHAD [S],3301.KL
295,HPMT HOLDINGS BERHAD [S],No result
296,HSS ENGINEERS BERHAD [S],0185.kl
297,HUA YANG BERHAD [S],5062.KL
298,HUBLINE BERHAD [S],7013.KL
299,HUME INDUSTRIES BERHAD,5000.kl
300,HUP SENG INDUSTRIES BERHAD [S],5024.KL
301,HWA TAI INDUSTRIES BERHAD [S],8478.KL
302,I-BERHAD [S],IBHD.KL
303,IBRACO BERHAD [S],5084.KL
304,ICAPITAL.BIZ BERHAD,5108.KL
305,ICON OFFSHORE BERHAD [S],5255.KL
306,ICONIC WORLDWIDE BERHAD [S],9113.KL
307,IDEAL UNITED BINTANG INTERNATIONAL BERHAD [S],9687.KL
308,IGB BERHAD,5227.KL
309,IGB REAL ESTATE INVESTMENT TRUST,5227.KL
310,IHH HEALTHCARE BERHAD [S],IHHHF
311,IJM CORPORATION BERHAD [S],3336.KL
312,IJM PLANTATIONS BERHAD,2216.KL
313,IKHMAS JAYA GROUP BERHAD [S],5268.KL
314,IMASPRO CORPORATION BERHAD [S],No result
315,IMPIANA HOTELS BERHAD [S],7243.KL
316,INARI AMERTRON BERHAD [S],0166.KL
317,INCH KENNETH KAJANG RUBBER PUBLIC LTD CO [S],2607.KL
318,INDUSTRONICS BERHAD [S],9393.kl
319,INNATURE BERHAD [S],No result
320,INNOPRISE PLANTATIONS BERHAD [S],No result
321,INSAS BERHAD,3379.KL
322,INTA BINA GROUP BERHAD [S],No result
323,INTEGRATED LOGISTICS BHD,5614.KL
324,IOI CORPORATION BERHAD [S],1961.KL
325,IOI PROPERTIES GROUP BERHAD [S],5249.KL
326,IPMUDA BERHAD [S],5673.kl
327,IQ GROUP HOLDINGS BERHAD [S],5107.kl
328,IRE-TEX CORPORATION BERHAD [S],7183.KL
329,IREKA CORPORATION BERHAD [S],No result
330,ISKANDAR WATERFRONT CITY BERHAD [S],1589.KL
331,IVORY PROPERTIES GROUP BERHAD [S],5175.KL
332,JADE MARVEL GROUP BERHAD [S],jade
333,JADI IMAGING HOLDINGS BERHAD [S],7223.KL
334,JAKS RESOURCES BERHAD [S],4723.KL
335,JASA KITA BERHAD,No result
336,JAYA TIASA HOLDINGS BHD [S],4383.KL
337,JAYCORP BERHAD [S],7152.KL
338,JCBNEXT BERHAD,0058.kl
339,JCY INTERNATIONAL BERHAD [S],5161.KL
340,JERASIA CAPITAL BERHAD,8931.KL
341,JIANKUN INTERNATIONAL BERHAD [S],8923.kl
342,JKG LAND BERHAD [S],6769.KL
343,JOHAN HOLDINGS BERHAD,No result
344,JOHORE TIN BERHAD [S],7167.kl
345,K-STAR SPORTS LIMITED,5172.KL
346,K.SENG SENG CORPORATION BERHAD [S],5192.KL
347,KAMDAR GROUP (M) BERHAD [S],8672.KL
348,KAREX BERHAD,5247.KL
349,KARYON INDUSTRIES BERHAD [S],0054.KL
350,KAWAN FOOD BERHAD [S],7216.KL
351,KECK SENG (MALAYSIA) BERHAD,No result
352,KEIN HING INTERNATIONAL BERHAD [S],7199.KL
353,KELINGTON GROUP BERHAD [S],0151.KL
354,KEN HOLDINGS BERHAD [S],7323.KL
355,KENANGA INVESTMENT BANK BERHAD,6483.KL
356,KERJAYA PROSPEK GROUP BERHAD [S],7161.KL
357,GSB GROUP BERHAD [S],7077.KL
358,KESM INDUSTRIES BERHAD [S],9334.KL
359,KEY ASIC BERHAD [S],0143.kl
360,KHEE SAN BERHAD [S],6203.KL
361,KHIND HOLDINGS BERHAD [S],7062.KL
362,KIA LIM BERHAD [S],6211.KL
363,KIM HIN INDUSTRY BERHAD [S],KIMH.KL
364,KIM LOONG RESOURCES BERHAD [S],5027.KL
365,KIMLUN CORPORATION BERHAD [S],5171.KL
366,KINSTEEL BHD,No result
367,KIP REAL ESTATE INVESTMENT TRUST,5280.kl
368,KKB ENGINEERING BERHAD [S],9466.KL
369,KLCC REAL ESTATE INVESTMENT TRUST [S],5235SS.KL
370,KLUANG RUBBER COMPANY (MALAYA) BERHAD,No result
371,KNM GROUP BERHAD,7164.KL
372,KNUSFORD BERHAD [S],5035.KL
373,KOBAY TECHNOLOGY BERHAD [S],6971.KL
374,KOMARKCORP BERHAD [S],7017.KL
375,KONSORTIUM TRANSNASIONAL BERHAD [S],No result
376,KOSSAN RUBBER INDUSTRIES BERHAD [S],7153.KL
377,KOTRA INDUSTRIES BERHAD [S],0002.kl
378,KPJ HEALTHCARE BERHAD [S],5878.KL
379,KPS CONSORTIUM BERHAD [S],9121.KL
380,KRETAM HOLDINGS BERHAD [S],No result
381,KSL HOLDINGS BERHAD [S],5038.KL
382,KUALA LUMPUR KEPONG BERHAD [S],No result
383,KUB MALAYSIA BERHAD [S],6874.KL
384,KUCHAI DEVELOPMENT BERHAD,No result
385,KUMPULAN FIMA BERHAD [S],6491.KL
386,KUMPULAN H & L HIGH-TECH BERHAD [S],7033.kl
387,KUMPULAN JETSON BERHAD [S],9083.KL
388,KUMPULAN PERANGSANG SELANGOR BERHAD [S],5843.KL
389,KUMPULAN POWERNET BERHAD [S],No result
390,KWANTAS CORPORATION BERHAD [S],6572.KL
391,KYM HOLDINGS BERHAD [S],8362.kl
392,LAND & GENERAL BERHAD [S],3174.KL
393,LANDMARKS BERHAD,1643.KL
394,LATITUDE TREE HOLDINGS BERHAD [S],7006.KL
395,LAY HONG BERHAD [S],9385.KL
396,LB ALUMINIUM BERHAD [S],9326.KL
397,LBI CAPITAL BERHAD,8494.KL
398,LBS BINA GROUP BERHAD [S],5789.KL
399,LEADER STEEL HOLDINGS BERHAD,9881.KL
400,LEBTECH BERHAD [S],No result
401,LEE SWEE KIAT GROUP BERHAD [S],8079.KL
402,LEON FUAT BERHAD,5232.KL
403,LEONG HUP INTERNATIONAL BERHAD,LTKM.KL
404,LEWEKO RESOURCES BERHAD [S],8745.KL
405,LFE CORPORATION BERHAD [S],7170.KL
406,LIEN HOE CORPORATION BERHAD,No result
407,LII HEN INDUSTRIES BHD. [S],7089.KL
408,LINGKARAN TRANS KOTA HOLDINGS BERHAD [S],6645.kl
409,LION INDUSTRIES CORPORATION BERHAD [S],4235.KL
410,LION FOREST INDUSTRIES BERHAD [S],8486.KL
411,LONDON BISCUITS BERHAD,7126.kl
412,LOTTE CHEMICAL TITAN HOLDING BERHAD [S],011170.KS
413,LOTUS KFM BERHAD [S],8303.KL
414,LPI CAPITAL BHD,8621.KL
415,LTKM BERHAD [S],LTKM.KL
416,LUSTER INDUSTRIES BHD.,5068.KL
417,LUXCHEM CORPORATION BERHAD [S],5143.KL
418,LYSAGHT GALVANIZED STEEL BERHAD,9199.kl
419,MAA GROUP BERHAD,1198.KL
420,MAGNA PRIMA BERHAD [S],No result
421,MAGNI-TECH INDUSTRIES BERHAD [S],7087.KL
422,MAGNUM BERHAD,3859.KL
423,MAH SING GROUP BERHAD [S],8583.KL
424,MAJUPERAK HOLDINGS BERHAD,8141.KL
425,MALAKOFF CORPORATION BERHAD [S],5264.KL
426,MALAYAN BANKING BERHAD,1155.KL
427,MALAYAN CEMENT BERHAD [S],7113.KL
428,MALAYAN FLOUR MILLS BERHAD,No result
429,MALAYAN UNITED INDUSTRIES BERHAD,3891.KL
430,MALAYSIA AIRPORTS HOLDINGS BERHAD,5014.KL
431,MALAYSIA BUILDING SOCIETY BERHAD,1171.KL
432,MALAYSIA MARINE AND HEAVY ENGINEERING HOLDINGS BERHAD [S],5186.kl
433,MALAYSIA PACIFIC CORPORATION BERHAD,3867.KL
434,MALAYSIA SMELTING CORPORATION BERHAD [S],5916.kl
435,MALAYSIA STEEL WORKS (KL) BHD [S],No result
436,MALAYSIAN BULK CARRIERS BERHAD,5077.KL
437,MALAYSIAN PACIFIC INDUSTRIES BERHAD [S],No result
438,MALAYSIAN RESOURCES CORPORATION BERHAD [S],1651.KL
439,MALPAC HOLDINGS BERHAD,4936.KL
440,MALTON BERHAD [S],6181.KL
441,MANULIFE HOLDINGS BERHAD,No result
442,MARCO HOLDINGS BERHAD,3514.KL
443,MARINE & GENERAL BERHAD,5078.KL
444,MASTER-PACK GROUP BERHAD [S],No result
445,MATRIX CONCEPTS HOLDINGS BERHAD [S],5236.KL
446,MAXIS BERHAD [S],6012.KL
447,MB WORLD GROUP BERHAD [S],7189.KL
448,MBM RESOURCES BHD [S],MBMR.KL
449,MCE HOLDINGS BERHAD [S],7004.KL?P=7004.KL
450,MCT BERHAD [S],5182.KL
451,MEDIA CHINESE INTERNATIONAL LIMITED [S],0685.HK
452,MEDIA PRIMA BERHAD,4502.KL
453,MEGA FIRST CORPORATION BERHAD [S],3069.KL
454,MELATI EHSAN HOLDINGS BERHAD [S],5129.KL
455,MELEWAR INDUSTRIAL GROUP BERHAD [S],3778.KL
456,MENANG CORPORATION (M) BERHAD [S],1694.kl
457,MENTIGA CORPORATION BERHAD [S],5223.KL
458,MERCURY INDUSTRIES BERHAD [S],8192.KL
459,MERIDIAN BERHAD [S],5040.KL
460,MESB BERHAD [S],MESB.KL
461,MESINIAGA BERHAD [S],No result
462,METROD HOLDINGS BERHAD,6149.KL
463,METRONIC GLOBAL BERHAD [S],No result
464,MGB BERHAD [S],7595.KL
465,MHC PLANTATIONS BHD [S],No result
466,MI TECHNOVATION BERHAD [S],5286.kl
467,MIECO CHIPBOARD BERHAD [S],5001.KL
468,MILUX CORPORATION BERHAD [S],No result
469,MINDA GLOBAL BERHAD [S],5166.kl
470,MINETECH RESOURCES BERHAD [S],7219.KL
471,MINHO (M) BERHAD [S],5576.KL
472,MINTYE BERHAD [S],MINT.KL
473,MISC BERHAD [S],MISC.KL
474,MITRAJAYA HOLDINGS BERHAD [S],9571.KL
475,MK LAND HOLDINGS BERHAD [S],8893.KL
476,MKH BERHAD [S],6114.KL
477,MMC CORPORATION BERHAD [S],2194.KL
478,MMS VENTURES BERHAD [S],3255.KL
479,MNRB HOLDINGS BERHAD,MNRB.KL
480,MPHB Capital Berhad,No result
481,QUILL CAPITA TRUST,No result
482,MSCM HOLDINGS BERHAD [S],1023.KL
483,MSM MALAYSIA HOLDINGS BERHAD [S],5202.KL
484,MTD ACPI ENGINEERING BERHAD [S],5924.KL
485,MUAR BAN LEE GROUP BERHAD [S],5152.kl
486,MUDA HOLDINGS BERHAD [S],MUDA.KL
487,MUDAJAYA GROUP BERHAD,5085.kl
488,MUHIBBAH ENGINEERING (M) BHD [S],5703.KL
489,MUI PROPERTIES BERHAD [S],3913.kl
490,MULPHA INTERNATIONAL BERHAD,3905.KL
491,MULTI-USAGE HOLDINGS BERHAD [S],1023.KL
492,MY E.G. SERVICES BERHAD [S],0138.KL
493,MYCRON STEEL BERHAD [S],5087.KL
494,MYNEWS HOLDINGS BERHAD,5275.kl
495,NAIM HOLDINGS BERHAD [S],5073.KL
496,NATIONWIDE EXPRESS HOLDINGS BERHAD [S],No result
497,NEGRI SEMBILAN OIL PALMS BERHAD,2038.KL
498,NESTLE (MALAYSIA) BERHAD [S],4707.KL
499,NEW HOONG FATT HOLDINGS BERHAD [S],No result
500,NEXTGREEN GLOBAL BERHAD [S],7241.KL
501,NI HSIN RESOURCES BERHAD [S],No result
502,NICHE CAPITAL EMAS HOLDINGS BERHAD [S],7139.KL
503,NOTION VTEC BERHAD [S],No result
504,NPC RESOURCES BERHAD [S],No result
505,NTPM HOLDINGS BERHAD [S],5066.KL
506,NWP HOLDINGS BERHAD [S],5025.KL
507,NYLEX (MALAYSIA) BERHAD [S],4944.KL
508,OCB BERHAD [S],5673.kl
509,OCEANCASH PACIFIC BERHAD [S],0049.KL
510,OCK GROUP BERHAD,0172.KL
511,OCR GROUP BERHAD [S],7071.kl
512,OKA CORPORATION BHD [S],7140.KL
513,OLYMPIA INDUSTRIES BERHAD,No result
514,OMESTI BERHAD [S],9008.KL
515,ONLY WORLD GROUP HOLDINGS BERHAD,5260.KL
516,ORIENTAL FOOD INDUSTRIES HOLDINGS BERHAD [S],7107.KL
517,ORIENTAL HOLDINGS BERHAD,4006.KL
518,ORIENTAL INTEREST BERHAD [S],5827.kl
519,ORNAPAPER BERHAD [S],5065.KL
520,OSK HOLDINGS BERHAD,5053.kl
521,P.A. RESOURCES BERHAD [S],5347.KL
522,P.I.E. INDUSTRIAL BERHAD [S],7095.KL
523,PACIFIC & ORIENT BERHAD,6009.kl
524,PADINI HOLDINGS BERHAD [S],7052.KL
525,PAN MALAYSIA CORPORATION BERHAD [S],4081.KL
526,PAN MALAYSIA HOLDINGS BERHAD [S],1287.KL
527,PANASONIC MANUFACTURING MALAYSIA BERHAD,3719.kl
528,PANSAR BERHAD [S],8419.KL
529,PANTECH GROUP HOLDINGS BERHAD [S],5125.KL
530,PAOS HOLDINGS BERHAD [S],5022.KL
531,PARAGON GLOBE BERHAD [S],No result
532,PARAGON UNION BERHAD [S],1066.KL
533,PARAMOUNT CORPORATION BERHAD [S],1724.KL
534,PARKSON HOLDINGS BERHAD [S],No result
535,PASDEC HOLDINGS BERHAD [S],6912.KL
536,PAVILION REAL ESTATE INV TRUST,5212.KL
537,PBA HOLDINGS BHD [S],No result
538,PCCS GROUP BERHAD [S],6068.KL
539,PDZ HOLDINGS BHD [S],6254.KL
540,PECCA GROUP BERHAD [S],6888.KL
541,PEGASUS HEIGHTS BERHAD [S],4464.KL
542,PELANGI PUBLISHING GROUP BHD. [S],7190.KL
543,PELIKAN INTERNATIONAL CORPORATION BERHAD [S],5231.KL
544,PENSONIC HOLDINGS BERHAD,9997.KL
545,PENTAMASTER CORPORATION BERHAD,7160.KL
546,PERAK CORPORATION BERHAD,8346.KL
547,PERAK TRANSIT BERHAD [S],0186.kl
548,PERDANA PETROLEUM BERHAD [S],7108.KL
549,PERMAJU INDUSTRIES BERHAD [S],7080.KL
550,PESONA METRO HOLDINGS BERHAD [S],8311.KL
551,PESTECH INTERNATIONAL BERHAD [S],5219.KL
552,PETRA ENERGY BERHAD [S],5133.KL
553,PETRON MALAYSIA REFINING & MARKETING BHD [S],3042.KL
554,PETRONAS CHEMICALS GROUP BERHAD [S],No result
555,PETRONAS DAGANGAN BHD [S],PNADF
556,PETRONAS GAS BERHAD [S],6033.KL
557,PHARMANIAGA BERHAD [S],7081.KL
558,PIMPINAN EHSAN BERHAD [S],No result
559,PINEHILL PACIFIC BERHAD [S],No result
560,PINTARAS JAYA BHD [S],No result
561,PJBUMI BERHAD [S],7163.KL
562,PLB ENGINEERING BERHAD,7055.KL
563,PLENITUDE BERHAD,5075.KL
564,PLS PLANTATIONS BERHAD [S],9695.KL
565,PMB TECHNOLOGY BERHAD [S],7172.kl
566,PNE PCB BERHAD [S],6637.KL
567,POH HUAT RESOURCES HOLDINGS BERHAD [S],7088.KL
568,POH KONG HOLDINGS BERHAD [S],5080.KL
569,POLY GLASS FIBRE (M) BERHAD [S],8117.KL
570,POS MALAYSIA BERHAD [S],4634.KL
571,POWER ROOT BERHAD [S],7237.KL
572,PPB GROUP BERHAD [S],4065.KL
573,PRESS METAL ALUMINIUM HOLDINGS BERHAD [S],8869.KL
574,PRESTAR RESOURCES BERHAD [S],9873.KL
575,PRESTARIANG BERHAD [S],5204.KL
576,PRG HOLDINGS BERHAD [S],7168.KL
577,PRICEWORTH INTERNATIONAL BERHAD [S],7123.KL
578,PROGRESSIVE IMPACT CORPORATION BERHAD [S],No result
579,PROLEXUS BERHAD [S],8966.KL
580,PROTASCO BERHAD [S],5070.KL
581,PERUSAHAAN SADUR TIMAH MALAYSIA (PERSTIMA) BHD [S],5436.kl
582,PUBLIC BANK BERHAD,1295.KL
583,PUBLIC PACKAGES HOLDINGS BHD [S],PPHB.KL
584,PUNCAK NIAGA HOLDINGS BERHAD [S],6807.KL
585,PWF CORPORATION BERHAD [S],7134.KL
586,QL RESOURCES BERHAD [S],7084.KL
587,QUALITY CONCRETE HOLDINGS BERHAD [S],7544.KL
588,RALCO CORPORATION BERHAD [S],1961.KL
589,RANHILL HOLDINGS BERHAD [S],5272.KL
590,RAPID SYNERGY BERHAD,7765.KL
591,RCE CAPITAL BERHAD,9296.KL
592,REACH ENERGY BERHAD [S],5256.KL
593,RED SENA BERHAD,No result
594,RESINTECH BERHAD [S],7232.KL
595,REX INDUSTRY BERHAD [S],9946.kl
596,RGB INTERNATIONAL BHD,0037.KL
597,RGT BERHAD [S],No result
598,RHB BANK BERHAD,1066.KL
599,RHONE MA HOLDINGS BERHAD,5278.KL
600,RIMBUNAN SAWIT BERHAD [S],5113.kl
601,RIVERVIEW RUBBER ESTATES BERHAD [S],No result
602,ROHAS TECNIC BERHAD [S],9741.kl
603,RUBBEREX CORPORATION (M) BERHAD [S],7803.KL
604,SALCON BERHAD [S],8567.KL
605,SALUTICA BERHAD [S],No result
606,SAM ENGINEERING & EQUIPMENT (M) BERHAD [S],9822.KL
607,SAMCHEM HOLDINGS BERHAD,5147.kl
608,SAND NISKO CAPITAL BERHAD [S],7943.KL
609,SAPURA ENERGY BERHAD [S],skpbf
610,SAPURA INDUSTRIAL BERHAD [S],4596.KL
611,SAPURA RESOURCES BERHAD [S],4596.KL
612,SARAWAK CABLE BERHAD [S],5170.KL
613,SARAWAK CONSOLIDATED INDUSTRIES BERHAD [S],SCIB.KL
614,SARAWAK OIL PALMS BERHAD [S],5126.KL
615,SARAWAK PLANTATION BERHAD [S],5135.kl
616,SASBADI HOLDINGS BERHAD [S],5252.KL
617,SAUDEE GROUP BERHAD [S],5157.kl
618,SBC CORPORATION BERHAD [S],5207.KL
619,SCANWOLF CORPORATION BERHAD [S],7239.KL
620,SCGM BHD [S],7247.KL
621,SCICOM (MSC) BERHAD,0099.KL%3FP%3D0099.KL
622,SCIENTEX BERHAD [S],4731.KL
623,SCOMI ENERGY SERVICES BHD [S],No result
624,SCOMI GROUP BERHAD [S],7158.KL
625,SEACERA GROUP BERHAD [S],7073WC.kl
626,SEAL INCORPORATED BERHAD [S],SEAL.KL
627,SEALINK INTERNATIONAL BERHAD [S],5145.kl
628,SEE HUP CONSOLIDATED BERHAD [S],7053.KL
629,SEG INTERNATIONAL BHD [S],9792.KL
630,SELANGOR DREDGING BERHAD [S],2224.KL
631,SENI JAYA CORPORATION BERHAD [S],1961.KL
632,SENTORIA GROUP BERHAD [S],5213.KL
633,SERBA DINAMIK HOLDINGS BERHAD [S],5279.KL
634,SEREMBAN ENGINEERING BERHAD,5163.KL
635,SERN KOU RESOURCES BERHAD [S],7180.kl
636,SHANGRI-LA HOTELS (MALAYSIA) BERHAD,5517.KL
637,SHH RESOURCES HOLDINGS BERHAD [S],7052.KL
638,SHIN YANG SHIPPING CORPORATION BERHAD [S],5173.KL
639,SHL CONSOLIDATED BHD [S],6017.KL
640,SIG GASES BERHAD [S],5181.KL
641,SIGNATURE INTERNATIONAL BERHAD [S],7246.KL
642,SIME DARBY BERHAD [S],No result
643,SIME DARBY PLANTATION BERHAD [S],SDPNF
644,SIME DARBY PROPERTY BERHAD [S],SIMEF
645,SIN HENG CHAN (MALAYA) BERHAD [S],4316.kl
646,SINMAH CAPITAL BERHAD [S],9296.KL
647,SINO HUA-AN INTERNATIONAL BERHAD [S],2739.KL
648,SINOTOP HOLDINGS BERHAD [S],No result
649,SKB SHUTTERS CORPORATION BERHAD [S],7115.KL
650,SKP RESOURCES BHD [S],7155.KL
651,SLP RESOURCES BERHAD [S],7248.KL
652,SMIS CORPORATION BERHAD [S],7132.KL
653,SOLID AUTOMOTIVE BERHAD [S],5242.KL
654,SOUTH MALAYSIA INDUSTRIES BERHAD [S],4375.KL
655,SOUTHERN ACIDS (M) BERHAD [S],5134.KL
656,SOUTHERN STEEL BERHAD,5665.KL
657,S P SETIA BERHAD [S],8664.KL
658,SPRITZER BHD [S],7103.KL
659,STAR MEDIA GROUP BERHAD [S],6084.KL
660,STELLA HOLDINGS BERHAD [S],1836.HK
661,SUBUR TIASA HOLDINGS BERHAD [S],6904.KL
662,SUCCESS TRANSFORMER CORPORATION BERHAD [S],No result
663,SUMATEC RESOURCES BERHAD [S],No result
664,SUNGEI BAGAN RUBBER COMPANY (MALAYA) BERHAD,No result
665,SUNSURIA BERHAD [S],3743.kl
666,SUNWAY BERHAD [S],5211.KL
667,SUNWAY CONSTRUCTION GROUP BERHAD [S],5263.KL
668,SUNWAY REAL ESTATE INVESTMENT TRUST,5176.KL
669,SUPERLON HOLDINGS BERHAD [S],7235.KL
670,SUPERMAX CORPORATION BERHAD [S],7106.KL
671,SURIA CAPITAL HOLDINGS BERHAD [S],6521.KL
672,SWS CAPITAL BERHAD [S],7186.KL
673,SYARIKAT TAKAFUL MALAYSIA KELUARGA BERHAD [S],6139.KL
674,SYCAL VENTURES BERHAD,9717.KL
675,SYF RESOURCES BERHAD [S],7082.KL
676,SYMPHONY LIFE BERHAD [S],1538.KL
677,T7 GLOBAL BERHAD [S],7228.kl
678,TA ANN HOLDINGS BERHAD [S],5012.KL
679,TA ENTERPRISE BERHAD,4898.KL
680,TA GLOBAL BERHAD,4898.KL
681,TA WIN HOLDINGS BERHAD,7097.KL
682,TADMAX RESOURCES BERHAD [S],4022.KL
683,TAFI INDUSTRIES BERHAD [S],7211.KL
684,TALAM TRANSFORM BERHAD [S],2259.KL
685,TALIWORKS CORPORATION BERHAD [S],8524.KL
686,TAMBUN INDAH LAND BERHAD [S],No result
687,TAN CHONG MOTOR HOLDINGS BERHAD,4405.KL
688,TANCO HOLDINGS BERHAD [S],2429.KL
689,TAS OFFSHORE BERHAD [S],5149.kl
690,TASCO BERHAD,5140.KL
691,TASEK CORPORATION BERHAD [S],No result
692,TDM BERHAD,2054.KL
693,TECHBOND GROUP BERHAD [S],5289.KL
694,TECK GUAN PERDANA BERHAD,No result
695,TEK SENG HOLDINGS BERHAD [S],7200.KL
696,TELEKOM MALAYSIA BERHAD [S],4863.KL
697,TENAGA NASIONAL BHD [S],5347.KL
698,TEO GUAN LEE CORPORATION BERHAD [S],No result
699,TEO SENG CAPITAL BERHAD [S],7252.KL
700,TEXCHEM RESOURCES BERHAD,8702.KL
701,TH HEAVY ENGINEERING BERHAD [S],7206.KL
702,TH PLANTATIONS BERHAD [S],5112.KL
703,THETA EDGE BERHAD [S],9075.kl
704,THONG GUAN INDUSTRIES BERHAD [S],7034.KL
705,THREE-A RESOURCES BERHAD [S],0012.kl
706,THRIVEN GLOBAL BERHAD [S],7889.KL
707,TIEN WAH PRESS HOLDINGS BERHAD,7374.kl
708,TIGER SYNERGY BERHAD [S],7079.KL
709,TIMBERWELL BERHAD [S],4715.KL
710,TIME DOTCOM BERHAD [S],5031.KL
711,TIONG NAM LOGISTICS HOLDINGS BERHAD [S],8397.KL
712,TITIJAYA LAND BERHAD [S],5239.KL
713,TMC LIFE SCIENCES BERHAD,0101.KL
714,TOMEI CONSOLIDATED BERHAD,7230.KL
715,TOMYPAK HOLDINGS BERHAD [S],7285.KL
716,TONG HERR RESOURCES BERHAD [S],5010.KL
717,TOP GLOVE CORPORATION BHD [S],7113.KL
718,TOWER REAL ESTATE INVESTMENT TRUST,5111.KL
719,TOYO INK GROUP BERHAD [S],7173.KL
720,TPC PLUS BERHAD [S],No result
721,TRANSOCEAN HOLDINGS BHD [S],7218.kl
722,TRC SYNERGY BERHAD [S],5054.KL
723,TRIVE PROPERTY GROUP BERHAD [S],0118.KL
724,TROPICANA CORPORATION BERHAD [S],5401.kl
725,TSH RESOURCES BERHAD [S],9059.KL
726,TSR CAPITAL BERHAD [S],5042.kl
727,TUNE PROTECT GROUP BERHAD,5230.KL
728,TURBO-MECH BERHAD,5167.KL
729,TURIYA BERHAD [S],No result
730,UCHI TECHNOLOGIES BERHAD [S],7100.KL
731,UEM EDGENTA BERHAD [S],1368.KL
732,UEM SUNRISE BERHAD [S],5148.KL
733,UMS HOLDINGS BERHAD [S],No result
734,UMS-NEIKEN GROUP BERHAD [S],7227.KL
735,UMW HOLDINGS BERHAD [S],4588.KL
736,UNIMECH GROUP BERHAD [S],7091.KL
737,UNISEM (M) BERHAD [S],5005.KL
738,UNITED MALACCA BERHAD [S],2593.KL
739,UNITED PLANTATIONS BERHAD [S],2089.KL
740,UNITED U-LI CORPORATION BERHAD [S],7133.kl
741,UOA DEVELOPMENT BHD [S],5200.KL
742,UOA REAL ESTATE INVESTMENT TRUST,5110.KL
743,UPA CORPORATION BHD [S],7113.KL
744,UWC BERHAD [S],5292.kl
745,UZMA BERHAD [S],7250.KL
746,V.S. INDUSTRY BERHAD [S],6963.KL
747,VELESTO ENERGY BERHAD [S],5243.KL
748,VERSATILE CREATIVE BERHAD [S],4995.kl
749,VERTICE BERHAD [S],7240.KL
750,VITROX CORPORATION BERHAD [S],0097.KL
751,VIZIONE HOLDINGS BERHAD [S],7070.KL
752,VSTECS BERHAD [S],5162.KL
753,WAH SEONG CORPORATION BERHAD [S],5142.KL
754,WANG-ZHENG BERHAD,No result
755,WARISAN TC HOLDINGS BERHAD,5016.kl
756,WATTA HOLDING BERHAD [S],No result
757,WCE HOLDINGS BERHAD,3565.KL
758,WCT HOLDINGS BERHAD [S],9679.KL
759,WEGMANS HOLDINGS BERHAD [S],0197.kl
760,WELLCALL HOLDINGS BERHAD [S],7231.KL
761,WESTPORTS HOLDINGS BERHAD [S],WSTTF
762,WHITE HORSE BERHAD [S],5009.KL
763,WIDETECH (MALAYSIA) BERHAD,7692.KL
764,WILLOWGLEN MSC BERHAD,0008.kl
765,WMG HOLDINGS BERHAD [S],TEKA.KL
766,WONG ENGINEERING CORPORATION BERHAD [S],7050.kl
767,WOODLANDOR HOLDINGS BHD [S],No result
768,WTK HOLDINGS BERHAD [S],4243.KL
769,WZ SATU BERHAD [S],No result
770,XIAN LENG HOLDINGS BERHAD [S],7121.kl
771,XIDELANG HOLDINGS LTD,5156.KL
772,XIN HWA HOLDINGS BERHAD [S],5267.kl
773,Y&G CORPORATION BHD [S],7003.KL
774,Y.S.P.SOUTHEAST ASIA HOLDING BERHAD [S],7178.KL
775,YEE LEE CORPORATION BHD [S],5584.KL
776,YI-LAI BERHAD [S],5048.kl
777,YINSON HOLDINGS BERHAD [S],7293.KL
778,YKGI HOLDINGS BERHAD,YKGI.KL
779,YLI HOLDINGS BERHAD [S],YLIH.KL
780,YNH PROPERTY BERHAD [S],3158.KL
781,YONG TAI BERHAD [S],7066.KL
782,YOONG ONN CORPORATION BERHAD [S],No result
783,YTL CORPORATION BERHAD,4677.KL
784,YTL HOSPITALITY REIT,5109.KL
785,YTL POWER INTERNATIONAL BHD,6742.KL
786,ZECON BERHAD [S],7028.KL
787,ZELAN BERHAD [S],2283.KL
788,ZHULIAN CORPORATION BERHAD [S],5131.KL
